{
  "schema_version": 1,
  "evaluation_kind": "held_out",
  "real_source": "hisim/experiments/vllm/results/rtx4090_qwen3_0.6b_heldout_p192_o32_real.json",
  "simulation_source": "hisim/experiments/vllm/results/rtx4090_qwen3_0.6b_heldout_p192_o32_simulation_v2.json",
  "profile_source": "hisim/experiments/vllm/results/rtx4090_qwen3_0.6b_bs1_grid_profile_v2.json",
  "summary": {
    "ttft_mape_percent": 21.220193221745927,
    "tpot_mape_percent": 17.54534809244973,
    "e2e_mape_percent": 17.945651163219928,
    "kv_cache_hit_rate_absolute_error": 0.0,
    "real_active_output_throughput_tokens_per_s": 127.10962569752574,
    "simulated_active_output_throughput_tokens_per_s": 157.03829440196012,
    "active_throughput_error_percent": 23.545556475521074
  },
  "requests": [
    {
      "request_id": "cold",
      "ttft_ms": {
        "real": 30.986994970589876,
        "simulated": 22.153633407368844,
        "absolute_error": 8.833361563221032,
        "absolute_percentage_error": 28.506673756538447
      },
      "tpot_ms": {
        "real": 8.243045356545236,
        "simulated": 5.94204268590719,
        "absolute_error": 2.301002670638046,
        "absolute_percentage_error": 27.91447300251694
      },
      "e2e_latency_ms": {
        "real": 286.8302259594202,
        "simulated": 206.35695667049174,
        "absolute_error": 80.47326928892846,
        "absolute_percentage_error": 28.056063136216874
      },
      "kv_cache_hit_rate": {
        "real": 0.0,
        "simulated": 0.0,
        "absolute_error": 0.0,
        "absolute_percentage_error": 0.0
      }
    },
    {
      "request_id": "warm-1",
      "ttft_ms": {
        "real": 24.48129910044372,
        "simulated": 18.276128416699862,
        "absolute_error": 6.205170683743859,
        "absolute_percentage_error": 25.34657437207403
      },
      "tpot_ms": {
        "real": 7.420738062430774,
        "simulated": 5.942042685907198,
        "absolute_error": 1.478695376523576,
        "absolute_percentage_error": 19.926527039268745
      },
      "e2e_latency_ms": {
        "real": 254.56872000359,
        "simulated": 202.479451679823,
        "absolute_error": 52.08926832376699,
        "absolute_percentage_error": 20.461770921043406
      },
      "kv_cache_hit_rate": {
        "real": 0.9230769230769231,
        "simulated": 0.9230769230769231,
        "absolute_error": 0.0,
        "absolute_percentage_error": 0.0
      }
    },
    {
      "request_id": "warm-2",
      "ttft_ms": {
        "real": 20.263430196791887,
        "simulated": 18.276128416699862,
        "absolute_error": 1.9873017800920252,
        "absolute_percentage_error": 9.807331536625302
      },
      "tpot_ms": {
        "real": 6.241316576638529,
        "simulated": 5.942042685907154,
        "absolute_error": 0.2992738907313752,
        "absolute_percentage_error": 4.795044235563504
      },
      "e2e_latency_ms": {
        "real": 213.85463513433933,
        "simulated": 202.47945167982164,
        "absolute_error": 11.375183454517696,
        "absolute_percentage_error": 5.319119432399503
      },
      "kv_cache_hit_rate": {
        "real": 0.9230769230769231,
        "simulated": 0.9230769230769231,
        "absolute_error": 0.0,
        "absolute_percentage_error": 0.0
      }
    }
  ]
}
